{
  "extrinsic": {
    "quaternion": [
      0.634577321067026,
      0.6303825399395548,
      -0.30897394364233877,
      -0.3232098065914046
    ],
    "translation": [
      -1.0678,
      0.0545,
      0.9303899999999999
    ]
  },
  "intrinsic": {
    "aspect_ratio": 1.0,
    "cx_offset": 6.67,
    "cy_offset": -3.291,
    "height": 966.0,
    "k1": 339.039,
    "k2": -29.815,
    "k3": 46.483,
    "k4": -6.655,
    "model": "radial_poly",
    "poly_order": 4,
    "width": 1280.0
  },
  "name": "RV"
}