{
  "extrinsic": {
    "quaternion": [
      0.23417978087304658,
      0.9639336256894094,
      -0.12524482074987436,
      -0.017479427074508204
    ],
    "translation": [
      1.9445999999999999,
      -0.9572999999999999,
      0.97305
    ]
  },
  "intrinsic": {
    "aspect_ratio": 1.0,
    "cx_offset": 3.468,
    "cy_offset": -1.705,
    "height": 966.0,
    "k1": 337.657,
    "k2": -16.126,
    "k3": 27.487,
    "k4": 0.888,
    "model": "radial_poly",
    "poly_order": 4,
    "width": 1280.0
  },
  "name": "MVR"
}