{
  "extrinsic": {
    "quaternion": [
      0.9609567898141743,
      0.24271335568731126,
      -0.009048205844361864,
      -0.1325534045282867
    ],
    "translation": [
      1.9445999999999999,
      0.9572999999999999,
      0.95874
    ]
  },
  "intrinsic": {
    "aspect_ratio": 1.0,
    "cx_offset": 1.829,
    "cy_offset": -0.49,
    "height": 966.0,
    "k1": 335.497,
    "k2": -11.41,
    "k3": 22.009,
    "k4": 2.539,
    "model": "radial_poly",
    "poly_order": 4,
    "width": 1280.0
  },
  "name": "MVL"
}